{
	"title": "Tool Use Formatting",
	"description": "Tool use is formatted using XML-style tags. The tool name is enclosed in opening and closing tags, and each parameter is similarly enclosed within its own set of tags.",
	"format": {
		"structure": "<tool_name>\n<parameter1_name>value1</parameter1_name>\n<parameter2_name>value2</parameter2_name>\n...\n</tool_name>"
	},
	"example": {
		"code": "<read_file>\n<path>src/main.js</path>\n</read_file>"
	},
	"note": "Always adhere to this format for the tool use to ensure proper parsing and execution."
}
